ActID,ActionID,EmpID,EffectiveDt
1,10,1,01/Jan/2015
2,10,2,01/Jan/2015
3,10,3,06/Oct/2015
4,10,4,01/Jan/2015
5,10,5,22/May/2015
6,10,6,11/Jul/2015
7,10,7,04/Dec/2015
8,10,8,01/Jan/2015
9,10,9,01/Jan/2015
10,10,10,09/May/2015
11,10,11,11/May/2015
12,10,12,24/Dec/2015
13,10,13,01/Jan/2015
14,10,14,26/Jul/2015
15,10,15,13/Mar/2016
16,10,16,01/Jan/2015
17,10,17,08/Oct/2015
18,10,18,21/Mar/2015
19,10,19,01/Jan/2015
20,10,20,01/Jan/2015
21,10,21,29/Sep/2015
22,10,22,03/May/2016
23,10,23,01/Jan/2015
24,10,24,05/Feb/2015
25,10,25,19/Dec/2015
26,10,26,01/Jan/2015
27,10,27,04/Sep/2015
28,10,28,27/Sep/2015
29,10,29,21/Apr/2015
30,10,30,02/Feb/2015
31,10,31,01/Jan/2015
32,10,32,27/Mar/2015
33,10,33,17/Oct/2015
34,10,34,01/Jan/2015
35,10,35,01/Jan/2015
36,10,36,04/Jun/2015
37,10,37,09/May/2017
38,10,38,01/Jan/2016
39,10,39,01/Jan/2015
40,10,40,11/May/2015
41,10,41,21/Mar/2016
42,10,42,01/Jan/2015
43,10,43,21/Jul/2015
44,10,44,01/Jan/2015
45,10,45,01/Jan/2015
46,10,46,01/Jan/2015
47,10,47,01/Jan/2015
48,10,48,21/Jun/2016
49,10,49,01/Jan/2015
50,10,50,10/Jul/2016
51,10,51,03/May/2015
52,10,52,21/Feb/2015
53,10,53,01/Jan/2015
54,10,54,01/Jan/2015
55,10,55,01/Jan/2015
56,10,56,24/Jul/2015
57,10,57,08/Feb/2015
58,10,58,01/Jan/2015
59,10,59,15/Jan/2015
60,10,60,01/Jan/2015
61,10,61,06/Sep/2015
62,10,62,01/Jan/2015
63,10,63,01/Jan/2015
64,10,64,01/Jan/2015
65,10,65,27/Mar/2015
66,10,66,08/Aug/2016
67,10,67,14/Apr/2015
68,10,68,31/May/2016
69,10,69,03/Aug/2015
70,10,70,21/Feb/2016
71,10,71,09/Sep/2015
72,10,72,13/Sep/2015
73,10,73,26/Oct/2015
74,10,74,14/Oct/2015
75,10,75,01/Jan/2015
76,10,76,01/Jan/2015
77,10,77,01/Jan/2015
78,10,78,01/Jan/2015
79,10,79,12/Jan/2015
80,10,80,20/Jan/2015
81,10,81,01/Jan/2015
82,10,82,01/Jan/2015
83,10,83,01/Jan/2015
84,10,84,14/Sep/2015
85,10,85,01/Jan/2015
86,10,86,05/Dec/2016
87,10,87,09/Apr/2015
88,10,88,05/Oct/2015
89,10,89,13/May/2015
90,10,90,01/Jan/2015
91,10,91,11/Jun/2015
92,10,92,01/Jan/2015
93,10,93,01/Jan/2015
94,10,94,01/Jan/2015
95,10,95,01/Jan/2015
96,10,96,04/Oct/2015
97,10,97,23/Oct/2015
98,10,98,03/May/2015
99,10,99,01/Jan/2015
100,10,100,01/Jan/2015
101,10,101,03/Jan/2016
102,10,102,29/Oct/2015
103,10,103,12/Nov/2015
104,10,104,25/Sep/2015
105,10,105,01/Jan/2015
106,10,106,01/Jan/2015
107,10,107,01/Jan/2015
108,10,108,25/Jan/2015
109,10,109,01/Jan/2015
110,10,110,01/Jan/2015
111,10,111,01/Jan/2015
112,10,112,01/Jan/2015
113,10,113,16/Oct/2015
114,10,114,01/Jan/2015
115,10,115,09/May/2015
116,10,116,18/Jan/2016
117,10,117,15/Feb/2015
118,10,118,01/Jan/2015
119,10,119,01/Jan/2015
120,10,120,14/Aug/2015
121,10,121,01/Jan/2015
122,10,122,01/Jan/2015
123,10,123,01/Jan/2015
124,10,124,01/Jan/2015
125,10,125,01/Jan/2015
126,10,126,06/May/2015
127,10,127,10/Mar/2016
128,10,128,01/Jan/2015
129,10,129,01/Jan/2015
130,10,130,01/Jan/2015
131,10,131,01/Jan/2015
132,10,132,01/Jan/2015
133,10,133,01/Jan/2015
134,10,134,12/Apr/2015
135,10,135,01/Jan/2015
136,10,136,08/Jun/2015
137,10,137,02/Oct/2015
138,10,138,01/Jan/2015
139,10,139,01/Jan/2015
140,10,140,05/Feb/2015
141,10,141,01/Jan/2015
142,10,142,13/Jan/2015
143,10,143,13/Jul/2015
144,10,144,01/Jan/2015
145,10,145,05/Mar/2015
146,10,146,01/Jan/2015
147,10,147,01/Jan/2015
148,10,148,25/Dec/2015
149,10,149,01/Jan/2015
150,10,150,03/Apr/2015
151,10,151,01/Jan/2015
152,10,152,12/Mar/2015
153,10,153,01/Jan/2015
154,10,154,21/Dec/2016
155,10,155,01/Jan/2015
156,10,156,01/Jan/2015
157,10,157,01/Jan/2015
158,10,158,01/Jan/2015
159,10,159,13/Feb/2016
160,10,160,20/Jan/2015
161,10,161,01/Jan/2015
162,10,162,16/Jun/2015
163,10,163,01/Jan/2015
164,10,164,01/Jan/2015
165,10,165,01/Jan/2015
166,10,166,01/Jan/2015
167,10,167,01/Jan/2015
168,10,168,01/Jan/2015
169,10,169,15/Jan/2016
170,10,170,22/Jun/2015
171,10,171,30/Mar/2016
172,10,172,01/Jan/2015
173,10,173,27/Oct/2015
174,10,174,01/Jan/2015
175,10,175,01/Jan/2015
176,10,176,11/May/2015
177,10,177,27/Aug/2015
178,10,178,01/Jan/2015
179,10,179,01/Jan/2015
180,10,180,23/Jul/2015
181,10,181,01/Jan/2015
182,10,182,02/Sep/2015
183,10,183,01/Jan/2015
184,10,184,01/Jan/2015
185,10,185,01/Jan/2015
186,10,186,14/Apr/2015
187,10,187,01/Jan/2015
188,10,188,01/Jan/2015
189,10,189,01/Jan/2015
190,10,190,01/Jan/2015
191,10,191,01/Jan/2015
192,10,192,12/Aug/2015
193,10,193,09/Aug/2015
194,10,194,01/Jan/2015
195,10,195,06/Nov/2016
196,10,196,26/Jan/2016
197,10,197,16/Feb/2015
198,10,198,28/Apr/2016
199,10,199,01/Jan/2015
200,10,200,01/Jan/2015
201,10,201,01/Jan/2015
202,10,202,19/Sep/2015
203,10,203,19/May/2016
204,10,204,01/Jan/2015
205,10,205,25/Jun/2015
206,10,206,01/Jan/2015
207,10,207,01/Jan/2015
208,10,208,26/Oct/2015
209,10,209,01/Jan/2015
210,10,210,01/Jan/2015
211,10,211,12/Mar/2015
212,10,212,01/Jan/2015
213,10,213,04/Jan/2016
214,10,214,20/Oct/2015
215,10,215,20/Jul/2016
216,10,216,20/Jul/2016
217,10,217,14/Aug/2016
218,10,218,01/Jan/2015
219,10,219,01/Jan/2015
220,10,220,27/Dec/2015
221,10,221,01/Jan/2015
222,10,222,04/Sep/2015
223,10,223,01/Jan/2015
224,10,224,14/Dec/2015
225,10,225,01/Jan/2015
226,10,226,01/Jan/2015
227,10,227,01/Jan/2015
228,10,228,04/Mar/2015
229,10,229,01/Jan/2015
230,10,230,01/Jan/2015
231,10,231,29/May/2016
232,10,232,24/Jul/2015
233,10,233,01/Jan/2015
234,10,234,17/Aug/2015
235,10,235,01/Jan/2015
236,10,236,19/May/2016
237,10,237,28/Oct/2016
238,10,238,24/Oct/2016
239,10,239,19/May/2016
240,10,240,26/Dec/2015
241,10,241,01/Jan/2015
242,10,242,25/Aug/2015
243,10,243,01/Jan/2015
244,10,244,01/Jan/2015
245,10,245,04/Aug/2015
246,10,246,31/Jul/2015
247,10,247,01/Jan/2015
248,10,248,01/Jan/2015
249,10,249,01/Jan/2015
250,10,250,19/Feb/2015
251,10,251,01/Jan/2015
252,10,252,01/Jan/2015
253,10,253,07/Sep/2015
254,10,254,19/Apr/2016
255,10,255,01/Jan/2015
256,10,256,30/Nov/2015
257,10,257,09/May/2015
258,10,258,01/Jan/2015
259,10,259,01/Jan/2015
260,10,260,01/Jan/2015
261,10,261,01/Jan/2015
262,10,262,25/Sep/2015
263,10,263,11/Jun/2016
264,10,264,01/Jan/2015
265,10,265,01/Jan/2015
266,10,266,31/Mar/2015
267,10,267,01/Jan/2015
268,10,268,01/Jan/2015
269,10,269,10/May/2015
270,10,270,28/Feb/2015
271,10,271,26/Sep/2015
272,10,272,01/Oct/2015
273,10,273,12/Apr/2015
274,10,274,01/Jan/2015
275,10,275,01/Jan/2015
276,10,276,19/Jun/2015
277,10,277,01/Jun/2017
278,10,278,06/Feb/2015
279,10,279,22/Aug/2016
280,10,280,07/Feb/2016
281,10,281,01/Jan/2015
282,10,282,01/Feb/2016
283,10,283,13/Nov/2015
284,10,284,16/Mar/2017
285,10,285,23/Apr/2015
286,10,286,12/Aug/2016
287,10,287,29/Jul/2015
288,10,288,11/Jul/2015
289,10,289,01/Jan/2015
290,10,290,01/Jan/2015
291,10,291,01/Jan/2015
292,10,292,02/Jun/2015
293,10,293,01/Oct/2015
294,10,294,01/Jan/2015
295,10,295,01/Jan/2015
296,10,296,26/Jan/2015
297,10,297,01/Jan/2015
298,10,298,01/Jan/2015
299,10,299,01/Jan/2015
300,10,300,10/Sep/2016
301,10,301,12/Jul/2015
302,10,302,01/Jan/2015
303,10,303,01/Jan/2015
304,10,304,02/Apr/2015
305,10,305,01/Jan/2015
306,10,306,05/Nov/2015
307,10,307,01/Jan/2015
308,10,308,01/Jan/2015
309,10,309,24/May/2015
310,10,310,01/Jan/2015
311,10,311,01/Jan/2015
312,10,312,01/Jan/2015
313,10,313,01/Jan/2015
314,10,314,01/Jan/2015
315,10,315,08/Jul/2015
316,10,316,01/Jan/2015
317,10,317,02/Mar/2016
318,10,318,06/Mar/2016
319,10,319,27/May/2015
320,10,320,01/Jan/2015
321,10,321,01/Jan/2015
322,10,322,01/Jan/2015
323,10,323,10/Mar/2015
324,10,324,01/Jan/2015
325,10,325,01/May/2015
326,10,326,01/Jan/2015
327,10,327,01/Jan/2015
328,10,328,29/Sep/2015
329,10,329,01/Jan/2015
330,10,330,03/Jun/2017
331,10,331,11/May/2016
332,10,332,01/Jan/2015
333,10,333,01/Jan/2015
334,10,334,01/Jan/2015
335,10,335,18/May/2015
336,10,336,01/Jan/2015
337,10,337,01/Jan/2015
338,10,338,01/Jan/2015
339,10,339,20/Oct/2016
340,10,340,01/Jan/2015
341,10,341,15/Jul/2015
342,10,342,20/Jan/2016
343,10,343,21/Jan/2015
344,10,344,01/Jan/2015
345,10,345,03/Jan/2015
346,10,346,01/Jan/2015
347,10,347,31/Dec/2016
348,10,348,07/Jul/2015
349,10,349,26/Jan/2015
350,10,350,17/Jul/2015
351,10,351,04/Mar/2017
352,10,352,01/Jan/2015
353,10,353,01/Jan/2015
354,10,354,01/Jan/2015
355,10,355,01/Jan/2015
356,10,356,01/Jan/2015
357,10,357,25/Feb/2016
358,10,358,01/Jan/2015
359,10,359,01/Jan/2015
360,10,360,25/Apr/2016
361,10,361,11/Jan/2015
362,10,362,24/Jan/2015
363,10,363,21/Mar/2016
364,10,364,21/Feb/2015
365,10,365,24/Nov/2017
366,10,366,13/Jul/2015
367,10,367,11/Jun/2015
368,10,368,03/Jun/2016
369,10,369,05/May/2017
370,10,370,01/Jan/2015
371,10,371,01/Jan/2015
372,10,372,03/Jun/2015
373,10,373,01/Jan/2015
374,10,374,01/Jan/2015
375,10,375,01/Jan/2015
376,10,376,01/Jan/2015
377,10,377,01/Jan/2015
378,10,378,01/Jan/2015
379,10,379,20/May/2015
380,10,380,19/Mar/2016
381,10,381,03/Mar/2015
382,10,382,01/Jan/2015
383,10,383,16/Jul/2015
384,10,384,26/Jun/2015
385,10,385,01/Jan/2015
386,10,386,16/Mar/2016
387,10,387,01/Jan/2015
388,10,388,01/Jan/2015
389,10,389,12/Jan/2015
390,10,390,01/Jan/2015
391,10,391,17/Jan/2016
392,10,392,26/Jun/2016
393,10,393,01/Jan/2015
394,10,394,25/Aug/2016
395,10,395,01/Jan/2015
396,10,396,03/Jul/2015
397,10,397,01/Jan/2015
398,10,398,04/Feb/2016
399,10,399,01/Jan/2015
400,10,400,01/Jan/2015
401,10,401,10/Apr/2016
402,10,402,07/Mar/2015
403,10,403,01/Jan/2015
404,10,404,29/Sep/2015
405,10,405,31/Dec/2016
406,10,406,12/Aug/2015
407,10,407,29/May/2015
408,10,408,01/Jan/2015
409,10,409,01/Jan/2015
410,10,410,27/Sep/2017
411,10,411,22/Jul/2015
412,10,412,15/Nov/2016
413,10,413,10/Sep/2017
414,10,414,01/Jan/2015
415,10,415,25/Nov/2015
416,10,416,01/Jan/2015
417,10,417,01/Jan/2015
418,10,418,01/Jan/2015
419,10,419,02/May/2015
420,10,420,02/Feb/2015
421,10,421,06/Feb/2015
422,10,422,01/Jan/2015
423,10,423,18/Nov/2015
424,10,424,09/Jan/2016
425,10,425,22/Jan/2015
426,10,426,01/Jan/2015
427,10,427,01/Jan/2015
428,10,428,01/Aug/2015
429,10,429,26/Jan/2016
430,10,430,15/May/2016
431,10,431,28/Mar/2016
432,10,432,15/Nov/2015
433,10,433,01/Jan/2015
434,10,434,11/Apr/2015
435,10,435,01/Jan/2015
436,10,436,29/Sep/2015
437,10,437,01/Jan/2015
438,10,438,01/Jan/2015
439,10,439,01/Jan/2015
440,10,440,01/Jan/2015
441,10,441,20/Jan/2015
442,10,442,12/Sep/2015
443,10,443,01/Jan/2015
444,10,444,27/Jul/2016
445,10,445,26/Nov/2015
446,10,446,23/Jan/2015
447,10,447,01/Jan/2015
448,10,448,01/Jan/2015
449,10,449,28/Aug/2015
450,10,450,08/Oct/2016
451,10,451,01/Jan/2015
452,10,452,01/Jan/2015
453,10,453,23/Sep/2016
454,10,454,07/Aug/2015
455,10,455,01/Jan/2015
456,10,456,24/May/2015
457,10,457,01/Jan/2015
458,10,458,01/Jan/2015
459,10,459,01/Jan/2015
460,10,460,09/May/2015
461,10,461,22/Feb/2016
462,10,462,25/Jan/2016
463,10,463,01/Jan/2015
464,10,464,01/Jan/2015
465,10,465,18/Mar/2016
466,10,466,04/Feb/2015
467,10,467,05/Apr/2015
468,10,468,02/Jun/2015
469,10,469,22/Nov/2015
470,10,470,01/Jan/2015
471,10,471,01/Jan/2015
472,10,472,01/Jan/2015
473,10,473,01/Jan/2015
474,10,474,01/Jan/2015
475,10,475,01/Jan/2015
476,10,476,10/Nov/2015
477,10,477,01/Jan/2015
478,10,478,08/May/2016
479,10,479,01/Jan/2015
480,10,480,27/Jun/2015
481,10,481,01/May/2015
482,10,482,01/Jan/2015
483,10,483,23/Apr/2015
484,10,484,01/Jan/2015
485,10,485,24/Sep/2015
486,10,486,01/Jan/2015
487,10,487,10/Apr/2016
488,10,488,01/Jan/2015
489,10,489,01/Jan/2015
490,10,490,04/Mar/2015
491,10,491,09/Jul/2015
492,10,492,01/Jan/2015
493,10,493,01/Jan/2015
494,10,494,30/Jun/2015
495,10,495,16/Jun/2015
496,10,496,01/Jan/2015
497,10,497,06/Nov/2016
498,10,498,01/Jan/2015
499,10,499,01/Jan/2015
500,10,500,01/Jan/2015
501,10,501,28/Nov/2015
502,10,502,01/Jan/2015
503,10,503,22/Oct/2015
504,10,504,29/May/2015
505,10,505,01/Jan/2015
506,10,506,24/Aug/2016
507,10,507,01/Jan/2015
508,10,508,23/Feb/2015
509,10,509,02/May/2015
510,10,510,01/Jan/2015
511,10,511,01/Jan/2015
512,10,512,05/Nov/2015
513,10,513,22/Apr/2016
514,10,514,03/Apr/2015
515,10,515,01/Jan/2015
516,10,516,01/Jan/2015
517,10,517,29/Oct/2016
518,10,518,24/Dec/2015
519,10,519,01/Jan/2015
520,10,520,15/Jul/2016
521,10,521,01/Jan/2015
522,10,522,20/Feb/2015
523,10,523,29/Apr/2015
524,10,524,01/Jan/2015
525,10,525,01/Jan/2015
526,10,526,01/Jan/2015
527,10,527,25/May/2015
528,10,528,01/Jan/2015
529,10,529,01/Jan/2015
530,10,530,01/Jan/2015
531,10,531,20/Sep/2015
532,10,532,01/Jan/2015
533,10,533,01/Jan/2015
534,10,534,01/Jan/2015
535,10,535,18/Apr/2015
536,10,536,01/Jan/2015
537,10,537,01/Jan/2015
538,10,538,01/Jan/2015
539,10,539,04/Feb/2016
540,10,540,01/Jan/2015
541,10,541,24/Apr/2015
542,10,542,01/Jan/2015
543,10,543,01/Jan/2015
544,10,544,13/Nov/2015
545,10,545,06/Mar/2015
546,10,546,09/Sep/2015
547,10,547,01/Jan/2015
548,10,548,30/May/2015
549,10,549,21/Feb/2015
550,10,550,01/Jan/2015
551,10,551,15/Feb/2015
552,10,552,01/Jan/2015
553,10,553,01/Jan/2015
554,10,554,01/Jan/2015
555,10,555,12/Aug/2016
556,10,556,16/Aug/2015
557,10,557,01/Jan/2015
558,10,558,01/Jan/2015
559,10,559,01/Jan/2015
560,10,560,01/Jan/2015
561,10,561,01/Jan/2015
562,10,562,06/Jun/2015
563,10,563,01/Jan/2015
564,10,564,17/Jun/2015
565,10,565,10/Nov/2017
566,10,566,01/Jan/2015
567,10,567,17/Dec/2015
568,10,568,17/Apr/2015
569,10,569,01/Jan/2015
570,10,570,17/Jul/2015
571,10,571,01/Mar/2016
572,10,572,21/Aug/2015
573,10,573,01/Jan/2015
574,10,574,01/Jan/2015
575,10,575,01/Jan/2015
576,10,576,14/Jul/2015
577,10,577,29/Apr/2015
578,10,578,04/Nov/2015
579,10,579,03/Feb/2015
580,10,580,01/Jan/2015
581,10,581,03/Feb/2015
582,10,582,09/Jan/2015
583,10,583,01/Jan/2015
584,10,584,16/Oct/2015
585,10,585,01/Jan/2015
586,10,586,01/Jan/2015
587,10,587,28/May/2015
588,10,588,01/Jan/2015
589,10,589,03/Jan/2016
590,10,590,29/Jan/2015
591,10,591,11/Oct/2015
592,10,592,01/Jan/2015
593,10,593,18/Feb/2015
594,10,594,01/Jan/2015
595,10,595,01/Jan/2015
596,10,596,01/Jan/2015
597,10,597,01/Jan/2015
598,10,598,17/Aug/2015
599,10,599,01/Jan/2015
600,10,600,18/Jun/2016
601,10,601,01/Jan/2015
602,10,602,25/May/2016
603,10,603,01/Jan/2015
604,10,604,01/Jan/2015
605,10,605,08/Oct/2015
606,10,606,01/Jan/2015
607,10,607,22/Jun/2015
608,10,608,01/Jan/2015
609,10,609,01/Jan/2015
610,10,610,19/Aug/2015
611,10,611,01/Jan/2015
612,10,612,01/Mar/2015
613,10,613,30/Apr/2016
614,10,614,22/Jun/2015
615,10,615,19/Sep/2015
616,10,616,01/Jan/2015
617,10,617,07/Jul/2016
618,10,618,30/Jan/2016
619,10,619,13/Sep/2015
620,10,620,20/Mar/2015
621,10,621,20/Nov/2015
622,10,622,13/Jun/2016
623,10,623,24/Jun/2016
624,10,624,02/Jan/2016
625,10,625,01/Jan/2015
626,10,626,05/Feb/2015
627,10,627,14/Jul/2016
628,10,628,01/Jan/2015
629,10,629,24/Aug/2015
630,10,630,01/Jan/2015
631,10,631,01/Jan/2015
632,10,632,01/Jan/2015
633,10,633,01/Jan/2015
634,10,634,01/Jan/2015
635,10,635,01/Jan/2015
636,10,636,01/Jan/2015
637,10,637,31/Jul/2016
638,10,638,01/Jan/2015
639,10,639,25/Jan/2015
640,10,640,01/Jan/2015
641,10,641,11/May/2016
642,10,642,28/Feb/2015
643,10,643,01/Jan/2015
644,10,644,20/Jan/2016
645,10,645,10/Jun/2015
646,10,646,29/Aug/2015
647,10,647,01/Jan/2015
648,10,648,01/Jan/2015
649,10,649,18/Feb/2016
650,10,650,01/Jan/2015
651,10,651,01/Jan/2015
652,10,652,08/Jan/2016
653,10,653,01/Jan/2015
654,10,654,01/Jan/2015
655,10,655,01/Jan/2015
656,10,656,01/Jan/2015
657,10,657,01/Jan/2015
658,10,658,18/Nov/2015
659,10,659,05/Oct/2015
660,10,660,18/Jul/2015
661,10,661,09/Jul/2015
662,10,662,31/Jan/2016
663,10,663,05/Dec/2015
664,10,664,01/Jan/2015
665,10,665,01/Jan/2015
666,10,666,01/Jan/2015
667,10,667,01/Jan/2015
668,10,668,26/Jun/2015
669,10,669,01/Jan/2015
670,10,670,19/Jul/2016
671,10,671,18/Sep/2015
672,10,672,18/Aug/2015
673,10,673,01/Jan/2015
674,10,674,01/Jan/2015
675,10,675,06/Nov/2016
676,10,676,01/Jan/2015
677,10,677,05/Dec/2015
678,10,678,10/Jul/2015
679,10,679,05/Feb/2015
680,10,680,01/Jan/2015
681,10,681,01/Jan/2015
682,10,682,13/Jan/2016
683,10,683,01/Jan/2015
684,10,684,07/Dec/2017
685,10,685,01/Jun/2016
686,10,686,01/Jan/2015
687,10,687,01/Jan/2015
688,10,688,08/Jan/2017
689,10,689,24/May/2015
690,10,690,08/Dec/2016
691,10,691,01/Jan/2015
692,10,692,17/Dec/2015
693,10,693,01/Jan/2015
694,10,694,01/Jan/2015
695,10,695,05/Apr/2015
696,10,696,01/Jan/2015
697,10,697,12/Sep/2015
698,10,698,20/Apr/2016
699,10,699,04/Jan/2016
700,10,700,14/Oct/2015
701,10,701,01/Jan/2015
702,10,702,26/Feb/2015
703,10,703,01/Jan/2015
704,10,704,01/Jan/2015
705,10,705,17/Sep/2015
706,10,706,21/Mar/2016
707,10,707,29/Mar/2016
708,10,708,01/Jan/2015
709,10,709,01/Jan/2015
710,10,710,09/Feb/2015
711,10,711,01/Jan/2015
712,10,712,01/Jan/2015
713,10,713,14/May/2016
714,10,714,01/Jan/2015
715,10,715,01/Jan/2015
716,10,716,01/Jan/2015
717,10,717,01/Jan/2015
718,10,718,01/Jan/2015
719,10,719,05/Aug/2015
720,10,720,01/Jan/2015
721,10,721,01/Jan/2015
722,10,722,01/Jan/2015
723,10,723,29/Apr/2015
724,10,724,09/Jan/2016
725,10,725,14/Oct/2015
726,10,726,15/Feb/2015
727,10,727,28/Sep/2015
728,10,728,01/Jan/2015
729,10,729,10/Jun/2015
730,10,730,20/Jun/2015
731,10,731,19/Nov/2015
732,10,732,29/Sep/2015
733,10,733,09/Oct/2015
734,10,734,01/Jan/2015
735,10,735,01/Jan/2015
736,10,736,09/Feb/2015
737,10,737,28/Sep/2015
738,10,738,01/Jan/2015
739,10,739,01/Jan/2015
740,10,740,01/Jan/2015
741,10,741,01/Jan/2015
742,10,742,01/Jan/2015
743,10,743,28/Feb/2016
744,10,744,11/Apr/2017
745,10,745,01/Jan/2015
746,10,746,01/Jan/2015
747,10,747,01/Jan/2015
748,10,748,12/Dec/2016
749,10,749,29/Mar/2015
750,10,750,01/Jan/2015
751,10,751,01/Jan/2015
752,10,752,17/Jun/2015
753,10,753,13/Jun/2015
754,10,754,23/Nov/2016
755,10,755,09/May/2015
756,10,756,07/Sep/2015
757,10,757,11/May/2016
758,10,758,12/Aug/2015
759,10,759,01/Jan/2015
760,10,760,28/Jan/2016
761,10,761,30/Nov/2016
762,10,762,01/Jan/2015
763,10,763,01/Jan/2015
764,10,764,21/May/2015
765,10,765,06/Jan/2015
766,10,766,01/Jan/2015
767,10,767,21/Nov/2015
768,10,768,13/Oct/2015
769,10,769,01/Jan/2015
770,10,770,06/Oct/2015
771,10,771,15/May/2016
772,10,772,15/May/2016
773,10,773,26/Apr/2015
774,10,774,21/Apr/2016
775,10,775,01/Jan/2015
776,10,776,12/Jul/2015
777,10,777,19/Jan/2015
778,10,778,13/Jan/2015
779,10,779,01/Jan/2015
780,10,780,01/Nov/2015
781,10,781,15/Jan/2015
782,10,782,01/Jan/2015
783,10,783,04/Feb/2015
784,10,784,03/Feb/2016
785,10,785,01/Jan/2015
786,10,786,11/Nov/2015
787,10,787,01/Jan/2015
788,10,788,15/Feb/2015
789,10,789,01/Jan/2015
790,10,790,05/Nov/2015
791,10,791,01/Jan/2015
792,10,792,16/Jan/2015
793,10,793,06/Jun/2015
794,10,794,20/Apr/2016
795,10,795,26/May/2016
796,10,796,01/Jan/2015
797,10,797,26/Apr/2015
798,10,798,28/Sep/2015
799,10,799,13/Apr/2015
800,10,800,13/May/2016
801,10,801,13/Oct/2016
802,10,802,01/Jan/2015
803,10,803,01/Jan/2015
804,10,804,28/May/2015
805,10,805,01/Jan/2015
806,10,806,01/Jan/2015
807,10,807,07/Oct/2015
808,10,808,01/Jan/2015
809,10,809,01/Jan/2015
810,10,810,15/Jan/2015
811,10,811,02/Mar/2015
812,10,812,12/Jan/2015
813,10,813,13/Dec/2015
814,10,814,01/Jan/2015
815,10,815,01/Jan/2015
816,10,816,15/Jul/2016
817,10,817,01/Jan/2015
818,10,818,29/Jan/2015
819,10,819,17/Dec/2015
820,10,820,01/Jan/2015
821,10,821,01/Jan/2015
822,10,822,18/Sep/2015
823,10,823,24/Apr/2015
824,10,824,01/Jan/2015
825,10,825,04/Sep/2015
826,10,826,01/Jan/2015
827,10,827,01/Jan/2015
828,10,828,01/Jan/2015
829,10,829,01/Jan/2015
830,10,830,09/Sep/2016
831,10,831,03/Nov/2015
832,10,832,06/Jul/2016
833,10,833,01/Jan/2015
834,10,834,01/Jan/2015
835,10,835,01/Jan/2015
836,10,836,01/Jan/2015
837,10,837,01/Jan/2015
838,10,838,11/Dec/2015
839,10,839,22/Nov/2015
840,10,840,02/Nov/2015
841,10,841,29/Jun/2015
842,10,842,01/Jan/2015
843,10,843,01/Jan/2015
844,10,844,01/Jan/2015
845,10,845,30/Jan/2015
846,10,846,02/May/2015
847,10,847,16/May/2016
848,10,848,22/Apr/2016
849,10,849,04/May/2015
850,10,850,01/Jan/2015
851,10,851,01/Jan/2015
852,10,852,23/Nov/2015
853,10,853,15/May/2015
854,10,854,17/Apr/2015
855,10,855,01/Jan/2015
856,10,856,04/Jan/2015
857,10,857,01/Jan/2015
858,10,858,01/Jul/2015
859,10,859,24/Mar/2015
860,10,860,01/May/2015
861,10,861,01/Jan/2015
862,10,862,01/Jan/2015
863,10,863,01/Jan/2015
864,10,864,09/Jan/2016
865,10,865,29/Jul/2015
866,10,866,01/Jan/2015
867,10,867,01/Jan/2015
868,10,868,20/Nov/2015
869,10,869,25/Jul/2016
870,10,870,01/Jan/2015
871,10,871,01/Jan/2015
872,10,872,01/Jan/2015
873,10,873,01/Jan/2015
874,10,874,01/Jan/2015
875,10,875,28/Apr/2015
876,10,876,16/Apr/2015
877,10,877,28/Apr/2015
878,10,878,01/Jan/2015
879,10,879,01/Jan/2015
880,10,880,17/Sep/2015
881,10,881,01/Jan/2015
882,10,882,25/May/2015
883,10,883,22/Mar/2015
884,10,884,01/Jan/2015
885,10,885,01/Jan/2015
886,10,886,01/Jan/2015
887,10,887,01/Jan/2015
888,10,888,21/Dec/2015
889,10,889,01/Jan/2015
890,10,890,26/May/2016
891,10,891,11/Jan/2015
892,10,892,01/Jan/2015
893,10,893,01/Jan/2015
894,10,894,29/Jul/2017
895,10,895,01/Jan/2015
896,10,896,21/May/2015
897,10,897,20/Jun/2015
898,10,898,01/Jan/2015
899,10,899,17/May/2015
900,10,900,01/Jan/2015
901,10,901,12/Dec/2015
902,10,902,01/Jan/2015
903,10,903,01/Jan/2015
904,10,904,01/Jan/2015
905,10,905,01/Jan/2015
906,10,906,12/Feb/2016
907,10,907,01/Jan/2015
908,10,908,01/Jan/2015
909,10,909,01/Jan/2015
910,10,910,26/Feb/2015
911,10,911,22/Jan/2016
912,10,912,09/Jan/2015
913,10,913,23/Feb/2015
914,10,914,01/Jan/2015
915,10,915,17/Feb/2015
916,10,916,14/May/2015
917,10,917,01/Jan/2015
918,10,918,15/May/2017
919,10,919,14/Apr/2017
920,10,920,01/Jan/2015
921,10,921,01/Jan/2015
922,10,922,01/Jan/2015
923,10,923,04/Dec/2015
924,10,924,01/Jan/2015
925,10,925,20/May/2018
926,10,926,16/Jan/2016
927,10,927,21/Jul/2015
928,10,928,01/Jan/2015
929,10,929,01/Jan/2015
930,10,930,01/Jan/2015
931,10,931,01/Jan/2015
932,10,932,29/Jan/2015
933,10,933,01/Jan/2015
934,10,934,01/Jan/2015
935,10,935,01/Jan/2015
936,10,936,25/Apr/2015
937,10,937,17/Feb/2016
938,10,938,01/Jan/2015
939,10,939,01/Jan/2015
940,10,940,01/Jan/2015
941,10,941,13/Mar/2017
942,10,942,04/Feb/2016
943,10,943,07/May/2016
944,10,944,01/Jan/2015
945,10,945,01/Jan/2015
946,10,946,01/Jan/2015
947,10,947,26/Apr/2016
948,10,948,27/Mar/2016
949,10,949,25/Mar/2016
950,10,950,14/Jan/2015
951,10,951,28/Mar/2016
952,10,952,01/Jan/2015
953,10,953,17/Jun/2017
954,10,954,01/Jan/2015
955,10,955,23/Jan/2015
956,10,956,27/Apr/2015
957,10,957,01/Jan/2015
958,10,958,01/Apr/2015
959,10,959,01/Jan/2015
960,10,960,12/Jun/2016
961,10,961,07/Oct/2015
962,10,962,26/Nov/2015
963,10,963,01/Jan/2015
964,10,964,08/Aug/2015
965,10,965,02/Oct/2015
966,10,966,01/Jan/2015
967,10,967,08/Feb/2016
968,10,968,20/Jun/2015
969,10,969,25/Jul/2015
970,10,970,21/Mar/2016
971,10,971,19/May/2015
972,10,972,01/Jan/2015
973,10,973,01/Jan/2015
974,10,974,01/Jan/2015
975,10,975,01/Jan/2015
976,10,976,17/Jun/2015
977,10,977,01/Jan/2015
978,10,978,16/Jan/2015
979,10,979,23/May/2015
980,10,980,01/Jan/2015
981,10,981,09/Sep/2015
982,10,982,22/Jun/2016
983,10,983,01/Jan/2015
984,10,984,01/Jan/2015
985,10,985,01/Jan/2015
986,10,986,25/Aug/2016
987,10,987,20/Apr/2015
988,10,988,21/Aug/2015
989,10,989,29/Jan/2015
990,10,990,01/Jan/2015
991,10,991,05/Apr/2015
992,10,992,01/Jan/2015
993,10,993,11/May/2016
994,10,994,01/Jan/2015
995,10,995,30/Oct/2015
996,10,996,19/Nov/2015
997,10,997,19/Dec/2015
998,10,998,01/Jan/2015
999,10,999,22/Jan/2016
1000,10,1000,29/Apr/2015
1001,91,201,06/Jun/2015
1002,10,1001,19/May/2015
1003,90,599,31/Jan/2015
1004,10,1002,21/May/2015
1005,91,531,03/Oct/2015
1006,10,1003,14/Mar/2015
1007,91,140,27/Oct/2015
1008,10,1004,22/Oct/2015
1009,90,210,26/Jun/2015
1010,10,1005,07/Jun/2015
1011,90,909,14/Apr/2015
1012,10,1006,04/Mar/2015
1013,10,1007,09/Jan/2015
1014,90,781,05/Jan/2016
1015,10,1008,12/Jun/2015
1016,90,488,17/Jun/2015
1017,10,1009,12/Feb/2015
1018,90,9,07/Apr/2015
1019,10,1010,16/Oct/2015
1020,91,799,27/Apr/2015
1021,10,1011,21/May/2015
1022,90,756,15/Sep/2015
1023,10,1012,18/Jun/2015
1024,91,9,22/Feb/2015
1025,10,1013,16/Sep/2015
1026,90,958,31/Oct/2015
1027,10,1014,06/Aug/2015
1028,90,40,27/Aug/2015
1029,10,1015,18/Jun/2015
1030,90,824,21/May/2015
1031,10,1016,08/May/2015
1032,91,457,23/Sep/2015
1033,10,1017,22/Mar/2015
1034,91,779,18/May/2015
1035,10,1018,14/Mar/2015
1036,91,233,23/Feb/2016
1037,10,1019,27/Sep/2015
1038,10,1020,29/Jul/2015
1039,91,804,27/Jul/2015
1040,10,1021,25/Jun/2015
1041,90,631,09/Aug/2015
1042,10,1022,06/Apr/2015
1043,10,1023,26/Apr/2015
1044,10,1024,17/May/2015
1045,10,1025,10/May/2015
1046,90,608,16/Jul/2015
1047,10,1026,09/Jun/2015
1048,90,142,19/Jun/2015
1049,10,1027,16/Jan/2016
1050,91,620,14/Feb/2016
1051,10,1028,29/Nov/2015
1052,10,1029,28/Aug/2015
1053,90,373,08/Jun/2015
1054,10,1030,06/Oct/2015
1055,10,1031,08/Nov/2015
1056,10,1032,22/May/2015
1057,91,674,19/Mar/2015
1058,10,1033,01/Jan/2015
1059,10,1034,19/Aug/2015
1060,10,1035,23/Mar/2015
1061,90,334,04/Feb/2015
1062,10,1036,28/Sep/2015
1063,10,1037,23/Aug/2015
1064,90,183,30/Jun/2015
1065,10,1038,18/Mar/2015
1066,90,464,04/Apr/2015
1067,10,1039,31/Jul/2015
1068,90,650,05/Jun/2015
1069,10,1040,01/Jan/2015
1070,91,935,30/Apr/2015
1071,10,1041,31/May/2015
1072,10,1042,01/Jan/2015
1073,91,370,15/Oct/2015
1074,10,1043,22/Aug/2015
1075,10,1044,27/Jun/2015
1076,10,1045,27/Apr/2015
1077,10,1046,03/Jul/2015
1078,90,655,25/Jun/2015
1079,10,1047,19/Jun/2015
1080,10,1048,08/Oct/2015
1081,10,1049,18/Jul/2015
1082,91,630,09/Jun/2015
1083,10,1050,01/Aug/2015
1084,90,133,08/May/2015
1085,10,1051,26/Oct/2015
1086,90,328,18/May/2016
1087,10,1052,17/May/2016
1088,90,293,14/May/2016
1089,10,1053,22/Jan/2016
1090,91,564,21/May/2016
1091,10,1054,13/May/2016
1092,91,207,17/Apr/2016
1093,10,1055,25/Feb/2016
1094,91,662,17/Jul/2016
1095,10,1056,29/Jul/2016
1096,91,721,28/Jul/2016
1097,10,1057,12/Sep/2016
1098,91,728,26/Jan/2016
1099,10,1058,02/Feb/2017
1100,90,666,02/May/2016
1101,10,1059,01/Feb/2016
1102,91,133,21/May/2016
1103,10,1060,12/Jan/2017
1104,90,882,17/Oct/2016
1105,10,1061,07/Apr/2016
1106,91,794,30/Oct/2016
1107,10,1062,01/Dec/2016
1108,10,1063,24/Mar/2016
1109,90,1006,30/Apr/2016
1110,10,1064,17/Mar/2016
1111,90,387,20/Jul/2016
1112,10,1065,03/Jul/2016
1113,90,834,03/Apr/2016
1114,10,1066,19/Mar/2016
1115,90,846,09/Aug/2016
1116,10,1067,25/Jul/2016
1117,90,715,27/Jul/2016
1118,10,1068,20/Jun/2016
1119,90,441,04/Aug/2016
1120,10,1069,29/Feb/2016
1121,90,190,05/Jul/2016
1122,10,1070,08/Jun/2016
1123,90,557,18/Aug/2016
1124,10,1071,25/Mar/2016
1125,90,81,13/Apr/2017
1126,10,1072,02/Sep/2016
1127,90,321,19/Jun/2016
1128,10,1073,19/Oct/2016
1129,91,976,25/Mar/2016
1130,10,1074,30/Sep/2016
1131,91,728,15/Sep/2016
1132,10,1075,16/Jun/2016
1133,10,1076,11/Apr/2016
1134,90,588,02/Feb/2016
1135,10,1077,04/Aug/2016
1136,91,63,25/Aug/2016
1137,10,1078,07/Mar/2016
1138,90,264,09/Apr/2016
1139,10,1079,22/Mar/2016
1140,90,582,14/Aug/2016
1141,10,1080,18/Jul/2016
1142,90,95,29/Oct/2016
1143,10,1081,22/Jun/2016
1144,90,482,03/Jul/2016
1145,10,1082,08/Jun/2016
1146,90,609,18/Jun/2016
1147,10,1083,10/Oct/2016
1148,91,42,21/Sep/2016
1149,10,1084,09/May/2016
1150,90,126,20/Jun/2016
1151,10,1085,15/Feb/2016
1152,10,1086,04/Jul/2016
1153,90,504,25/Nov/2016
1154,10,1087,25/Jul/2016
1155,91,769,13/Aug/2016
1156,10,1088,04/Apr/2016
1157,91,580,14/Nov/2016
1158,10,1089,24/Jul/2016
1159,90,1046,27/Mar/2016
1160,10,1090,27/May/2016
1161,10,1091,08/Feb/2016
1162,90,211,19/Apr/2016
1163,10,1092,08/Sep/2016
1164,90,420,06/Apr/2016
1165,10,1093,21/Dec/2016
1166,91,621,07/Aug/2016
1167,10,1094,14/Oct/2016
1168,91,959,26/Sep/2016
1169,10,1095,08/Jul/2016
1170,91,671,23/Jun/2016
1171,10,1096,27/Jul/2016
1172,90,587,12/Sep/2016
1173,10,1097,20/Apr/2016
1174,90,648,26/Jun/2016
1175,10,1098,11/Jun/2016
1176,90,348,15/Jun/2016
1177,10,1099,16/Sep/2016
1178,91,514,28/Dec/2015
1179,10,1100,27/Sep/2016
1180,90,82,29/Apr/2016
1181,10,1101,10/Aug/2016
1182,90,666,04/May/2016
1183,10,1102,16/Jul/2016
1184,10,1103,29/Mar/2016
1185,90,214,11/Oct/2016
1186,10,1104,02/Mar/2016
1187,91,1028,21/Apr/2016
1188,10,1105,28/Oct/2016
1189,91,309,26/Sep/2017
1190,10,1106,23/Sep/2017
1191,91,625,07/Aug/2017
1192,10,1107,25/Sep/2017
1193,91,1071,02/Sep/2017
1194,10,1108,13/Mar/2017
1195,91,126,22/Apr/2017
1196,10,1109,15/Feb/2017
1197,90,835,06/Aug/2017
1198,10,1110,04/Oct/2017
1199,91,839,16/Sep/2017
1200,10,1111,19/Apr/2017
1201,91,53,21/Jul/2017
1202,10,1112,04/Apr/2017
1203,90,147,15/Jan/2017
1204,10,1113,04/Apr/2017
1205,91,1040,18/Nov/2017
1206,10,1114,26/Jun/2017
1207,91,117,04/Jun/2017
1208,10,1115,01/Nov/2017
1209,91,1,29/May/2017
1210,10,1116,08/Jul/2017
1211,91,1052,20/Apr/2017
1212,10,1117,24/Apr/2017
1213,91,253,06/Aug/2017
1214,10,1118,26/Oct/2017
1215,91,837,09/Nov/2017
1216,10,1119,09/Jul/2017
1217,90,155,16/Sep/2017
1218,10,1120,20/May/2017
1219,90,266,27/Mar/2017
1220,10,1121,10/Jun/2017
1221,90,794,03/Sep/2017
1222,10,1122,24/Jan/2017
1223,91,234,15/Sep/2017
1224,10,1123,21/May/2017
1225,90,781,08/Nov/2017
1226,10,1124,22/Sep/2017
1227,91,338,05/Jun/2017
1228,10,1125,19/Sep/2017
1229,90,486,10/May/2017
1230,10,1126,04/Jul/2017
1231,91,985,10/Sep/2017
1232,10,1127,13/Feb/2017
1233,91,273,12/Aug/2017
1234,10,1128,23/Mar/2017
1235,90,138,15/Jun/2017
1236,10,1129,07/Jul/2017
1237,91,1099,14/Aug/2017
1238,10,1130,11/Nov/2017
1239,90,834,26/Sep/2017
1240,10,1131,07/May/2017
1241,90,414,27/Dec/2016
1242,10,1132,17/Nov/2016
1243,90,855,10/Jul/2017
1244,10,1133,15/Nov/2017
1245,91,250,29/Jun/2017
1246,10,1134,08/May/2017
1247,91,430,29/Mar/2017
1248,10,1135,01/Aug/2017
1249,91,665,01/Feb/2017
1250,10,1136,24/Nov/2017
1251,90,1053,08/Jan/2018
1252,10,1137,27/Apr/2017
1253,91,489,18/Mar/2017
1254,10,1138,27/Aug/2017
1255,90,226,22/Jun/2017
1256,10,1139,06/Aug/2017
1257,91,603,19/Jul/2017
1258,10,1140,24/Jul/2017
1259,90,1019,09/Jun/2017
1260,10,1141,09/May/2017
1261,90,592,08/Dec/2016
1262,10,1142,02/Aug/2017
1263,91,1028,24/Jul/2017
1264,10,1143,21/Jul/2017
1265,91,401,01/Oct/2017
1266,10,1144,30/May/2017
1267,90,637,15/Jul/2017
1268,10,1145,19/Jul/2017
1269,91,697,18/Dec/2017
1270,10,1146,14/Aug/2017
1271,90,266,05/May/2017
1272,10,1147,23/Jul/2017
1273,90,465,21/Jun/2017
1274,10,1148,13/Apr/2017
1275,90,937,11/Apr/2017
1276,10,1149,30/Jul/2017
1277,90,955,15/Sep/2017
1278,10,1150,23/Jun/2017
1279,10,1151,24/Aug/2017
1280,91,358,04/Apr/2017
1281,10,1152,06/Sep/2017
1282,90,165,09/Apr/2017
1283,10,1153,04/Jul/2017
1284,90,837,29/May/2017
1285,10,1154,14/Feb/2017
1286,10,1155,16/Oct/2017
1287,10,1156,10/Jun/2017
1288,90,944,05/Aug/2017
1289,10,1157,31/Jul/2017
1290,91,1014,27/Mar/2017
1291,10,1158,26/Aug/2017
1292,91,178,06/Jul/2017
1293,10,1159,26/Jun/2017
1294,90,781,10/Jun/2017
1295,10,1160,30/Jul/2017
1296,90,243,25/Oct/2017
1297,10,1161,27/Aug/2017
1298,90,950,21/Nov/2018
1299,10,1162,03/Jun/2018
1300,90,867,30/May/2018
1301,10,1163,13/May/2018
1302,90,76,17/Sep/2018
1303,10,1164,14/Aug/2018
1304,91,350,07/Jan/2019
1305,10,1165,20/Feb/2019
1306,90,1084,06/Oct/2018
1307,10,1166,09/Jun/2018
1308,90,687,21/Jul/2018
1309,10,1167,07/May/2018
1310,91,814,17/Apr/2018
1311,10,1168,07/Sep/2018
1312,91,647,11/Apr/2018
1313,10,1169,16/Jun/2018
1314,91,766,17/Nov/2017
1315,10,1170,10/Aug/2018
1316,91,609,20/Oct/2018
1317,10,1171,22/Sep/2018
1318,91,1042,18/Jul/2018
1319,10,1172,13/Jul/2018
1320,91,228,06/Jul/2018
1321,10,1173,07/Jul/2018
1322,91,292,28/Jan/2018
1323,10,1174,24/Feb/2018
1324,90,525,22/Aug/2018
1325,10,1175,07/Jul/2018
1326,91,353,24/Oct/2018
1327,10,1176,23/Jul/2018
1328,90,157,11/Dec/2018
1329,10,1177,28/Apr/2018
1330,90,461,02/Jun/2018
1331,10,1178,02/Mar/2018
1332,91,459,19/Apr/2018
1333,10,1179,27/Oct/2018
1334,91,184,11/Jun/2018
1335,10,1180,06/Feb/2018
1336,91,164,12/Oct/2018
1337,10,1181,10/Jun/2018
1338,90,52,14/Jul/2018
1339,10,1182,15/Jul/2018
1340,91,921,02/May/2018
1341,10,1183,25/May/2018
1342,90,878,21/Apr/2018
1343,10,1184,11/Jul/2018
1344,91,303,19/Sep/2018
1345,10,1185,03/Jun/2018
1346,91,663,30/Dec/2018
1347,10,1186,11/Sep/2018
1348,91,7,08/Oct/2018
1349,10,1187,05/Jun/2018
1350,91,158,22/Dec/2017
1351,10,1188,09/Jun/2018
1352,90,571,27/Jun/2018
1353,10,1189,20/Sep/2018
1354,91,49,28/Aug/2018
1355,10,1190,04/Sep/2018
1356,91,257,15/Sep/2018
1357,10,1191,14/Apr/2018
1358,90,210,16/Apr/2018
1359,10,1192,05/Jan/2018
1360,91,811,15/Dec/2018
1361,10,1193,05/Oct/2018
1362,90,1139,28/Oct/2018
1363,10,1194,06/Sep/2018
1364,91,422,09/Jun/2018
1365,10,1195,05/May/2018
1366,90,872,26/Mar/2018
1367,10,1196,14/Jul/2018
1368,91,917,20/Apr/2018
1369,10,1197,17/Jun/2018
1370,90,1176,04/Oct/2018
1371,10,1198,31/Mar/2018
1372,90,557,26/Aug/2018
1373,10,1199,19/Jun/2018
1374,91,173,22/Aug/2018
1375,10,1200,11/Oct/2018
1376,90,142,07/Sep/2018
1377,10,1201,20/Nov/2018
1378,91,167,24/Jan/2019
1379,10,1202,31/May/2018
1380,90,290,28/Oct/2018
1381,10,1203,03/Apr/2018
1382,10,1204,02/May/2018
1383,91,61,29/Apr/2018
1384,10,1205,22/Jul/2018
1385,91,996,18/Mar/2018
1386,10,1206,16/Jul/2018
1387,91,73,18/Sep/2018
1388,10,1207,31/Oct/2017
1389,91,300,22/Feb/2018
1390,10,1208,01/May/2018
1391,90,649,25/Aug/2018
1392,10,1209,07/May/2018
1393,90,1168,16/Nov/2018
1394,10,1210,05/Jun/2018
1395,90,348,15/Sep/2018
1396,10,1211,25/May/2018
1397,90,31,28/Jul/2018
1398,10,1212,23/Apr/2018
1399,90,749,03/Jun/2018
1400,10,1213,25/May/2018
1401,91,421,26/Aug/2018
1402,10,1214,17/Sep/2018
1403,90,103,29/Jul/2018
1404,10,1215,07/Sep/2018
1405,90,588,15/Sep/2018
1406,10,1216,02/Feb/2018
1407,91,345,03/Aug/2018
1408,10,1217,21/Sep/2018
1409,90,676,26/Nov/2018
1410,10,1218,16/Dec/2017
1411,91,628,23/Dec/2017
1412,10,1219,27/Sep/2018
1413,90,701,17/Jun/2018
1414,10,1220,20/Jul/2018
1415,90,513,20/May/2019
1416,10,1221,03/Aug/2019
1417,90,780,27/Jul/2019
1418,10,1222,20/Sep/2019
1419,91,1144,30/Sep/2019
1420,10,1223,01/May/2019
1421,90,858,19/Jan/2019
1422,10,1224,11/Jul/2019
1423,90,199,15/Jun/2019
1424,10,1225,12/Jan/2020
1425,90,1100,14/Jan/2019
1426,10,1226,03/Apr/2019
1427,90,1198,04/Apr/2019
1428,10,1227,18/May/2019
1429,90,782,13/Nov/2019
1430,10,1228,21/Jul/2019
1431,90,620,16/Jun/2019
1432,10,1229,02/Sep/2019
1433,91,1149,15/Jul/2019
1434,10,1230,27/Sep/2019
1435,91,954,29/Jun/2019
1436,10,1231,25/Jul/2019
1437,91,862,12/Oct/2019
1438,10,1232,15/Aug/2019
1439,91,202,27/Jul/2019
1440,10,1233,26/Jun/2019
1441,91,1173,15/Sep/2019
1442,10,1234,22/Jun/2019
1443,91,573,02/Jun/2019
1444,10,1235,15/Oct/2019
1445,90,215,16/Aug/2019
1446,10,1236,31/Aug/2019
1447,91,845,08/Sep/2019
1448,10,1237,02/May/2019
1449,91,364,22/Oct/2019
1450,10,1238,27/Aug/2019
1451,91,1118,06/Apr/2019
1452,10,1239,29/Apr/2019
1453,91,1215,20/May/2019
1454,10,1240,19/Jun/2019
1455,90,988,06/Apr/2019
1456,10,1241,15/Mar/2019
1457,90,314,03/Apr/2019
1458,10,1242,06/Nov/2019
1459,90,822,09/Mar/2019
1460,10,1243,21/Jul/2019
1461,90,748,27/Feb/2020
1462,10,1244,28/May/2019
1463,90,43,30/Jul/2019
1464,10,1245,09/Jul/2019
1465,91,132,28/Nov/2019
1466,10,1246,12/Jul/2019
1467,91,322,12/Jul/2019
1468,10,1247,02/May/2019
1469,90,311,02/Sep/2019
1470,10,1248,12/May/2019
1471,91,728,14/Jan/2019
1472,10,1249,06/May/2019
1473,91,521,02/Sep/2019
1474,10,1250,17/Jun/2019
1475,91,802,27/Jul/2019
1476,10,1251,30/Nov/2019
1477,90,361,21/Apr/2019
1478,10,1252,19/Nov/2019
1479,90,500,24/Nov/2019
1480,10,1253,25/May/2019
1481,90,734,18/Jul/2019
1482,10,1254,09/Nov/2019
1483,90,1159,22/Oct/2019
1484,10,1255,17/Nov/2019
1485,91,1144,23/Jun/2019
1486,10,1256,18/Aug/2019
1487,91,707,17/Jul/2019
1488,10,1257,08/Jun/2019
1489,91,802,04/Jul/2019
1490,10,1258,19/May/2019
1491,90,465,08/Jul/2019
1492,10,1259,14/Jun/2019
1493,91,71,07/Jun/2019
1494,10,1260,22/Sep/2019
1495,91,1120,29/Oct/2019
1496,10,1261,24/Apr/2019
1497,91,351,03/Aug/2019
1498,10,1262,08/Aug/2019
1499,91,786,07/Jul/2019
1500,10,1263,12/May/2019
1501,90,733,15/Mar/2019
1502,10,1264,19/Aug/2019
1503,90,996,29/Mar/2019
1504,10,1265,11/Jul/2019
1505,91,234,19/Mar/2019
1506,10,1266,25/Aug/2019
1507,91,253,09/May/2019
1508,10,1267,19/Nov/2019
1509,91,862,20/Aug/2019
1510,10,1268,19/Jul/2019
1511,90,477,05/Jun/2019
1512,10,1269,22/Feb/2019
1513,91,706,09/Jul/2019
1514,10,1270,21/Apr/2019
1515,91,275,31/May/2019
1516,10,1271,06/Jul/2019
1517,90,722,02/May/2019
1518,10,1272,19/May/2019
1519,91,1056,09/Jul/2019
1520,10,1273,21/Sep/2019
1521,90,1156,07/Jul/2019
1522,10,1274,03/May/2019
1523,91,481,29/Jul/2019
1524,10,1275,26/May/2019
1525,90,495,15/Jan/2020
1526,10,1276,13/Jul/2019
1527,90,3,24/Jun/2019
1528,10,1277,25/Jul/2019
1529,90,153,04/Aug/2019
1530,10,1278,31/Mar/2019
1531,90,266,09/Jun/2019
1532,10,1279,10/Jul/2019
1533,91,502,27/Sep/2019
1534,10,1280,20/Feb/2019
1535,91,351,27/Jun/2019
1536,10,1281,01/Nov/2019
1537,91,940,20/Jun/2019
1538,10,1282,28/May/2019
1539,91,692,31/Mar/2020
1540,10,1283,05/Jan/2021
1541,91,463,01/Apr/2020
1542,10,1284,28/May/2020
1543,90,863,17/Nov/2020
1544,10,1285,11/Oct/2020
1545,91,641,20/Oct/2020
1546,10,1286,16/Aug/2020
1547,91,313,16/Apr/2020
1548,10,1287,20/Jun/2020
1549,90,353,16/Aug/2020
1550,10,1288,05/Jul/2020
1551,90,285,12/Apr/2020
1552,10,1289,23/Jul/2020
1553,91,217,16/Oct/2020
1554,10,1290,18/Oct/2020
1555,90,275,12/Sep/2020
1556,10,1291,10/Mar/2020
1557,90,301,28/Sep/2020
1558,10,1292,30/May/2020
1559,91,721,05/Sep/2020
1560,10,1293,25/Aug/2020
1561,90,710,15/Apr/2020
1562,10,1294,22/Apr/2020
1563,91,783,09/Jun/2020
1564,10,1295,25/Feb/2020
1565,91,823,25/Feb/2020
1566,10,1296,29/Aug/2020
1567,90,1021,15/Sep/2020
1568,10,1297,24/Apr/2020
1569,91,1031,14/Jul/2020
1570,10,1298,21/Jul/2020
1571,91,409,11/May/2020
1572,10,1299,20/Jun/2020
1573,91,770,03/Sep/2020
1574,10,1300,19/Apr/2020
1575,90,775,07/Aug/2020
1576,10,1301,07/Jun/2020
1577,90,1244,25/Dec/2019
1578,10,1302,21/Aug/2020
1579,90,937,30/Apr/2020
1580,10,1303,14/Jun/2020
1581,91,787,02/Mar/2020
1582,10,1304,22/Sep/2020
1583,90,790,09/Nov/2020
1584,10,1305,23/Apr/2020
1585,90,1011,02/Jul/2020
1586,10,1306,26/Jul/2020
1587,91,854,20/Aug/2020
1588,10,1307,20/Aug/2020
1589,90,626,16/May/2020
1590,10,1308,15/May/2020
1591,90,1294,01/Jul/2020
1592,10,1309,22/Oct/2020
1593,91,960,13/Sep/2020
1594,10,1310,23/May/2020
1595,91,855,07/Jan/2020
1596,10,1311,24/Apr/2020
1597,90,666,29/Apr/2020
1598,10,1312,28/May/2020
1599,90,426,14/Mar/2020
1600,10,1313,22/Jul/2020
1601,91,457,02/Jul/2020
1602,10,1314,24/Dec/2020
1603,91,563,24/Dec/2020
1604,10,1315,21/Dec/2019
1605,91,1165,17/Sep/2019
1606,10,1316,18/May/2020
1607,90,930,22/Oct/2020
1608,10,1317,17/Jul/2020
1609,90,950,06/Jul/2020
1610,10,1318,06/Oct/2020
1611,91,805,26/Jul/2020
1612,10,1319,07/Jun/2020
1613,91,503,24/Nov/2020
1614,10,1320,16/Dec/2020
1615,90,140,02/Jun/2020
1616,10,1321,13/Jun/2020
1617,91,440,22/Jul/2020
1618,10,1322,01/Mar/2020
1619,91,962,13/May/2020
1620,10,1323,16/Jun/2020
1621,90,345,14/Jan/2021
1622,10,1324,12/Aug/2020
1623,91,1299,29/Jul/2020
1624,10,1325,30/Jul/2020
1625,90,120,12/Apr/2020
1626,10,1326,20/Apr/2020
1627,91,585,02/Jan/2021
1628,10,1327,15/Jul/2020
1629,90,610,27/Jan/2021
1630,10,1328,07/Sep/2020
1631,91,174,10/Aug/2020
1632,10,1329,01/Jun/2020
1633,91,830,22/Jul/2020
1634,10,1330,05/May/2020
1635,91,42,29/Aug/2020
1636,10,1331,07/Jul/2020
1637,90,5,15/Jul/2020
1638,10,1332,12/Mar/2020
1639,90,1082,16/Apr/2020
1640,10,1333,16/Jul/2020
1641,90,1116,13/May/2020
1642,10,1334,15/Dec/2020
1643,90,175,04/Aug/2020
1644,10,1335,13/Jul/2020
1645,90,910,04/Feb/2020
1646,10,1336,22/Nov/2020
1647,90,124,14/Jun/2020
1648,10,1337,10/Apr/2020
1649,91,933,17/Jul/2020
1650,10,1338,19/Apr/2020
1651,90,951,20/Aug/2020
1652,10,1339,09/Sep/2020
1653,91,1295,15/Aug/2020
1654,10,1340,15/Feb/2020
1655,90,624,21/May/2020
1656,10,1341,27/Aug/2020
1657,90,387,31/May/2020
1658,10,1342,20/Sep/2020
1659,90,416,01/May/2020
1660,10,1343,01/Nov/2020
1661,90,254,18/Apr/2020
1662,10,1344,19/Mar/2020
1663,91,945,07/Dec/2019
1664,10,1345,04/Apr/2020
1665,91,141,04/Jun/2020
1666,10,1346,01/Jul/2020
1667,90,708,10/Jun/2020
1668,10,1347,28/Mar/2020
1669,91,1289,18/Jun/2021
1670,10,1348,08/May/2021
1671,91,1310,10/Jun/2021
1672,10,1349,16/Sep/2021
1673,91,806,19/Jun/2021
1674,10,1350,19/Mar/2021
1675,91,1007,22/Dec/2021
1676,10,1351,29/May/2021
1677,91,1119,13/Jun/2021
1678,10,1352,22/Nov/2020
1679,90,253,24/Apr/2021
1680,10,1353,23/Aug/2021
1681,91,1319,22/Mar/2021
1682,10,1354,24/Mar/2021
1683,90,177,03/Jun/2021
1684,10,1355,04/Jul/2021
1685,90,316,09/Jul/2021
1686,10,1356,30/Apr/2021
1687,90,850,13/Feb/2021
1688,10,1357,04/May/2021
1689,91,334,20/Jul/2021
1690,10,1358,30/May/2021
1691,90,1153,24/Feb/2021
1692,10,1359,25/May/2021
1693,90,878,10/Feb/2021
1694,10,1360,05/Sep/2021
1695,91,1070,08/Oct/2021
1696,10,1361,23/Sep/2021
1697,90,705,13/Aug/2021
1698,10,1362,21/Dec/2021
1699,90,771,20/Nov/2020
1700,10,1363,01/May/2021
1701,91,11,29/Sep/2021
1702,10,1364,29/Aug/2021
1703,91,673,21/Jul/2021
1704,10,1365,19/Nov/2021
1705,91,743,28/May/2021
1706,10,1366,10/Aug/2021
1707,90,232,13/Jun/2021
1708,10,1367,01/Jul/2021
1709,90,541,27/May/2021
1710,10,1368,01/Aug/2021
1711,90,356,29/Mar/2021
1712,10,1369,07/Jul/2021
1713,91,712,14/Apr/2021
1714,10,1370,05/May/2021
1715,90,1048,23/Dec/2021
1716,10,1371,04/Aug/2021
1717,91,1298,05/Oct/2021
1718,10,1372,15/May/2021
1719,91,1233,06/Jul/2021
1720,10,1373,28/Jun/2021
1721,90,180,23/May/2021
1722,10,1374,19/May/2021
1723,91,1235,16/Nov/2021
1724,10,1375,11/Apr/2021
1725,90,41,20/Nov/2021
1726,10,1376,23/May/2021
1727,90,521,03/May/2021
1728,10,1377,22/Jun/2021
1729,90,1165,13/Jul/2021
1730,10,1378,10/Apr/2021
1731,91,72,20/Sep/2021
1732,10,1379,25/Jun/2021
1733,91,921,23/Apr/2021
1734,10,1380,19/Aug/2021
1735,91,1292,24/Feb/2021
1736,10,1381,22/Oct/2021
1737,91,651,30/Jul/2021
1738,10,1382,19/Apr/2021
1739,90,509,16/Mar/2021
1740,10,1383,17/Nov/2021
1741,91,287,27/May/2021
1742,10,1384,23/Jul/2021
1743,91,598,25/Sep/2021
1744,10,1385,22/May/2021
1745,90,1301,26/Nov/2021
1746,10,1386,02/May/2021
1747,91,889,06/Jun/2021
1748,10,1387,17/Jun/2021
1749,91,338,26/Apr/2021
1750,10,1388,07/Jul/2021
1751,91,1339,09/Aug/2021
1752,10,1389,17/Dec/2021
1753,91,501,29/May/2021
1754,10,1390,06/Jun/2021
1755,90,763,12/Jul/2021
1756,10,1391,14/Dec/2020
1757,90,1098,02/Jul/2021
1758,10,1392,15/Aug/2021
1759,91,1009,20/Jun/2021
1760,10,1393,14/Jun/2021
1761,90,445,15/May/2021
1762,10,1394,06/Nov/2021
1763,91,192,06/Jun/2021
1764,10,1395,20/Aug/2021
1765,91,975,16/May/2021
1766,10,1396,21/Jul/2021
1767,90,151,15/Jun/2021
1768,10,1397,29/Sep/2021
1769,90,588,31/Mar/2021
1770,10,1398,15/Jul/2021
1771,91,776,09/Jun/2021
1772,10,1399,05/Oct/2021
1773,90,474,20/Apr/2021
1774,10,1400,17/Oct/2021
1775,91,106,05/Apr/2021
1776,10,1401,14/Mar/2021
1777,91,121,24/Sep/2021
1778,10,1402,18/Nov/2020
1779,91,51,23/Sep/2021
1780,10,1403,09/Jun/2021
1781,91,717,03/Jul/2021
1782,10,1404,28/Jun/2021
1783,90,1064,15/Aug/2021
1784,10,1405,27/Jun/2021
1785,91,847,06/Aug/2021
1786,10,1406,13/Jul/2021
1787,91,195,03/Nov/2021
1788,10,1407,02/Aug/2021
1789,91,878,07/Aug/2021
1790,10,1408,12/Dec/2021
1791,90,451,13/Dec/2021
1792,10,1409,22/May/2021
1793,90,588,28/Jun/2021
1794,10,1410,20/Apr/2021
1795,90,317,07/Jul/2021
1796,10,1411,05/Mar/2021
1797,91,159,07/Feb/2021
1798,10,1412,27/Feb/2021
1799,90,97,28/Jun/2021
1800,10,1413,14/Apr/2021
1801,90,969,28/Jan/2021
1802,10,1414,27/Sep/2021
1803,91,276,24/Oct/2021
1804,10,1415,21/Aug/2021
1805,91,161,03/Dec/2022
1806,10,1416,26/Aug/2022
1807,90,1148,12/May/2022
1808,10,1417,09/Mar/2022
1809,91,97,05/Jul/2022
1810,10,1418,07/Aug/2022
1811,90,678,11/Aug/2022
1812,10,1419,15/May/2022
1813,90,548,08/Sep/2022
1814,10,1420,14/Apr/2023
1815,91,657,05/Feb/2022
1816,10,1421,04/Mar/2022
1817,90,1103,25/Jun/2022
1818,10,1422,04/Jan/2022
1819,91,368,01/May/2022
1820,10,1423,31/Mar/2022
1821,90,686,14/Jul/2022
1822,10,1424,04/Jul/2022
1823,90,1299,11/Jul/2022
1824,10,1425,09/Jan/2022
1825,91,1242,05/Nov/2022
1826,10,1426,24/May/2022
1827,90,1377,06/May/2022
1828,10,1427,15/Dec/2021
1829,90,243,11/Aug/2022
1830,10,1428,15/Mar/2022
1831,91,180,19/May/2022
1832,10,1429,29/Jul/2022
1833,91,1157,08/Aug/2022
1834,10,1430,29/May/2022
1835,90,6,18/Jun/2022
1836,10,1431,21/Apr/2022
1837,91,152,04/Oct/2022
1838,10,1432,03/Aug/2022
1839,90,728,20/Jul/2022
1840,10,1433,07/Sep/2022
1841,91,343,02/Dec/2022
1842,10,1434,31/Jul/2022
1843,90,1067,29/Jul/2022
1844,10,1435,28/Mar/2022
1845,90,1084,03/Jun/2022
1846,10,1436,08/Mar/2022
1847,90,735,15/Jun/2022
1848,10,1437,22/Feb/2022
1849,91,70,17/May/2022
1850,10,1438,01/May/2022
1851,91,1076,27/Jan/2022
1852,10,1439,12/Oct/2022
1853,90,812,23/Jul/2022
1854,10,1440,25/Dec/2022
1855,90,715,20/Apr/2022
1856,10,1441,26/Jul/2022
1857,90,954,05/Aug/2022
1858,10,1442,22/Sep/2022
1859,91,378,25/Oct/2022
1860,10,1443,06/Mar/2022
1861,91,555,04/Aug/2022
1862,10,1444,10/Oct/2022
1863,91,1211,28/Apr/2022
1864,10,1445,03/Feb/2022
1865,91,846,03/Aug/2022
1866,10,1446,23/Aug/2022
1867,91,1369,02/Apr/2022
1868,10,1447,14/May/2022
1869,91,203,17/Jun/2022
1870,10,1448,30/May/2022
1871,91,421,14/Aug/2022
1872,10,1449,11/Oct/2022
1873,91,299,18/May/2022
1874,10,1450,17/Jul/2022
1875,91,1248,18/Jul/2022
1876,10,1451,14/Apr/2022
1877,90,1095,25/Oct/2022
1878,10,1452,14/Mar/2022
1879,90,856,12/Sep/2022
1880,10,1453,06/Jan/2023
1881,90,1218,29/Oct/2022
1882,10,1454,09/Dec/2022
1883,90,1014,20/Dec/2021
1884,10,1455,01/Jun/2022
1885,91,464,15/Jun/2022
1886,10,1456,17/Apr/2022
1887,91,465,25/Apr/2022
1888,10,1457,20/Jun/2022
1889,91,28,30/Oct/2021
1890,10,1458,17/Jun/2022
1891,90,391,18/Dec/2022
1892,10,1459,27/Apr/2022
1893,90,753,11/Aug/2022
1894,10,1460,08/Sep/2022
1895,91,22,27/Sep/2022
1896,10,1461,30/Jul/2022
1897,90,81,04/Oct/2022
1898,10,1462,06/Sep/2022
1899,91,347,05/Jun/2022
1900,10,1463,06/Apr/2022
1901,90,425,29/Jun/2022
1902,10,1464,19/Oct/2022
1903,91,772,29/Jun/2022
1904,10,1465,30/May/2022
1905,91,1207,22/Jan/2022
1906,10,1466,03/Jun/2022
1907,91,155,19/Aug/2022
1908,10,1467,12/Dec/2022
1909,90,1132,09/Apr/2022
1910,10,1468,22/Jul/2022
1911,91,924,21/May/2022
1912,10,1469,22/Jul/2022
1913,90,1194,04/May/2022
1914,10,1470,16/Mar/2022
1915,91,655,29/Mar/2022
1916,10,1471,25/Jun/2022
1917,90,656,09/Dec/2022
1918,10,1472,22/May/2022
1919,90,1290,11/Mar/2022
1920,10,1473,01/Apr/2022
1921,90,623,04/Jul/2022
1922,10,1474,24/Apr/2022
1923,90,567,05/May/2022
1924,10,1475,16/Jul/2022
1925,90,852,25/Aug/2022
1926,10,1476,08/Jul/2022
1927,91,1054,09/Nov/2022
1928,10,1477,13/Sep/2022
1929,91,758,11/Jun/2022
1930,10,1478,21/Jul/2022
1931,91,504,27/Aug/2022
1932,10,1479,08/May/2022
1933,91,1303,27/Jan/2022
1934,10,1480,22/Jun/2022
1935,90,1245,23/Mar/2022
1936,10,1481,27/Jun/2022
1937,91,292,15/Sep/2022
1938,10,1482,19/Apr/2022
1939,90,10,15/Jun/2022
1940,10,1483,19/Apr/2022
1941,91,656,17/May/2022
1942,10,1484,27/May/2022
1943,91,1209,28/Jun/2022
1944,10,1485,25/Dec/2022
1945,91,1321,27/Jul/2022
1946,10,1486,15/Nov/2022
1947,90,867,12/Aug/2022
1948,10,1487,03/May/2022
1949,90,1329,24/May/2023
1950,10,1488,25/Aug/2023
1951,90,1360,24/Jul/2023
1952,10,1489,16/Jul/2023
1953,91,901,21/Dec/2022
1954,10,1490,19/Jun/2023
1955,91,394,27/Sep/2023
1956,10,1491,27/Jun/2023
1957,90,1237,10/Jan/2023
1958,10,1492,13/Feb/2023
1959,90,364,20/Jul/2023
1960,10,1493,18/Apr/2023
1961,90,749,15/Aug/2023
1962,10,1494,05/Jul/2023
1963,91,1453,20/Feb/2023
1964,10,1495,18/May/2023
1965,90,726,28/May/2023
1966,10,1496,20/Jul/2023
1967,91,152,10/Feb/2024
1968,10,1497,21/Aug/2023
1969,90,1022,10/Jul/2023
1970,10,1498,22/Jun/2023
1971,90,511,13/Jun/2023
1972,10,1499,29/Nov/2023
1973,91,981,31/Jul/2023
1974,10,1500,18/Jun/2023
1975,90,869,01/Jan/2024
1976,10,1501,07/Jun/2023
1977,90,357,25/Jun/2023
1978,10,1502,13/Oct/2023
1979,91,1427,02/Mar/2023
1980,10,1503,30/Jan/2023
1981,91,1295,21/Dec/2023
1982,10,1504,24/Dec/2022
1983,91,643,25/Aug/2023
1984,10,1505,15/Sep/2023
1985,91,820,11/Jul/2023
1986,10,1506,03/Aug/2023
1987,90,1220,25/Dec/2023
1988,10,1507,27/Jul/2023
1989,91,1183,05/Jan/2023
1990,10,1508,11/Jul/2023
1991,90,247,24/Mar/2023
1992,10,1509,09/Sep/2023
1993,91,1228,18/May/2023
1994,10,1510,01/Apr/2023
1995,90,146,27/Jun/2023
1996,10,1511,28/Apr/2023
1997,91,1404,13/Dec/2023
1998,10,1512,20/Nov/2022
1999,90,651,18/Aug/2023
2000,10,1513,11/Sep/2023
2001,91,1339,18/Jun/2023
2002,10,1514,11/Sep/2023
2003,90,205,21/Jul/2023
2004,10,1515,18/Jun/2023
2005,90,824,25/Aug/2023
2006,10,1516,09/Apr/2023
2007,90,920,27/Aug/2023
2008,10,1517,12/Jun/2023
2009,90,416,19/Jul/2023
2010,10,1518,06/Aug/2023
2011,90,965,09/Mar/2023
2012,10,1519,09/Jun/2023
2013,91,1214,01/Jul/2023
2014,10,1520,12/Feb/2023
2015,90,1010,31/Aug/2023
2016,10,1521,19/Apr/2023
2017,90,720,14/Jun/2023
2018,10,1522,19/Jul/2023
2019,90,264,21/Apr/2023
2020,10,1523,03/Oct/2023
2021,90,313,16/Jun/2023
2022,10,1524,13/Jun/2023
2023,90,430,01/Apr/2023
2024,10,1525,15/Aug/2023
2025,90,751,30/Mar/2023
2026,10,1526,22/May/2023
2027,91,1417,25/May/2023
2028,10,1527,30/Apr/2023
2029,90,436,03/Aug/2023
2030,10,1528,19/Aug/2023
2031,91,305,04/Apr/2023
2032,10,1529,12/Aug/2023
2033,91,1009,24/Nov/2023
2034,10,1530,06/Mar/2023
2035,90,1022,14/Mar/2023
2036,10,1531,17/Apr/2023
2037,90,762,19/Jun/2023
2038,10,1532,17/Mar/2023
2039,91,1272,24/Dec/2023
2040,10,1533,22/Sep/2023
2041,91,1024,09/Nov/2023
2042,10,1534,30/Apr/2023
2043,91,1503,17/Aug/2023
2044,10,1535,05/Apr/2023
2045,90,623,30/Sep/2023
2046,10,1536,23/Jan/2024
2047,91,185,10/Apr/2023
2048,10,1537,06/Jun/2023
2049,91,1339,21/Apr/2023
2050,10,1538,13/May/2023
2051,90,1164,30/May/2023
2052,10,1539,21/May/2023
2053,91,157,26/Apr/2023
2054,10,1540,02/Jun/2023
2055,90,1012,23/Jun/2023
2056,10,1541,27/May/2023
2057,90,1279,19/May/2023
2058,10,1542,24/Mar/2023
2059,90,1438,29/Apr/2023
2060,10,1543,09/Sep/2023
2061,90,1357,15/Jun/2023
2062,10,1544,26/Nov/2023
2063,90,44,01/Jul/2023
2064,10,1545,29/Jul/2023
2065,90,174,23/Aug/2023
2066,10,1546,08/Jul/2023
2067,90,720,07/Jun/2023
2068,10,1547,12/Feb/2024
2069,91,236,15/Oct/2023
2070,10,1548,18/Feb/2023
2071,91,672,21/Mar/2023
2072,10,1549,05/Aug/2023
2073,91,521,02/Sep/2023
2074,10,1550,05/Oct/2023
2075,91,888,15/Mar/2023
2076,10,1551,09/Jun/2023
2077,91,977,27/Mar/2023
2078,10,1552,04/Apr/2023
2079,90,840,08/Sep/2023
2080,10,1553,21/Apr/2023
2081,91,727,21/Aug/2023
2082,10,1554,10/Feb/2023
2083,91,331,20/Jun/2023
2084,10,1555,14/Jun/2023
2085,91,1145,30/Jul/2023
2086,10,1556,23/May/2023
2087,90,930,28/Mar/2023
2088,10,1557,15/Jun/2023
2089,90,577,14/Apr/2023
2090,10,1558,01/Nov/2023
2091,90,1284,30/Jan/2023
2092,10,1559,12/Jul/2023
2093,91,443,22/Jul/2023
2094,10,1560,22/Apr/2023
2095,91,1232,13/Mar/2023
2096,10,1561,07/Mar/2023
2097,91,935,20/Aug/2023
2098,10,1562,01/Jul/2023
2099,30,11,23/Apr/2017
2100,30,28,14/Nov/2016
2101,30,51,24/Jun/2017
2102,30,53,28/May/2017
2103,30,71,25/Jun/2017
2104,30,76,19/Nov/2017
2105,30,120,23/Mar/2017
2106,30,124,20/Apr/2017
2107,30,138,14/May/2017
2108,30,146,09/Oct/2017
2109,30,152,19/Jun/2017
2110,30,159,06/Oct/2017
2111,30,167,25/Dec/2017
2112,30,177,10/Jun/2017
2113,30,195,14/Sep/2017
2114,30,199,01/Jun/2017
2115,30,205,24/Apr/2017
2116,30,215,20/May/2017
2117,30,226,27/Apr/2017
2118,30,234,30/Jul/2017
2119,30,236,25/Jan/2017
2120,30,257,28/Mar/2017
2121,30,264,02/Sep/2017
2122,30,273,01/May/2017
2123,30,276,22/Mar/2017
2124,30,285,14/Jun/2017
2125,30,287,21/Aug/2017
2126,30,290,25/Jun/2017
2127,30,300,05/Jul/2017
2128,30,311,24/Oct/2017
2129,30,322,02/Jun/2017
2130,30,361,01/Jun/2017
2131,30,387,13/Oct/2017
2132,30,394,13/Aug/2017
2133,30,409,18/Jun/2017
2134,30,436,27/May/2017
2135,30,463,11/Jul/2017
2136,30,477,17/Jun/2017
2137,30,481,14/Jun/2017
2138,30,509,24/Jul/2017
2139,30,511,13/Jul/2017
2140,30,513,25/Feb/2017
2141,30,521,08/Jun/2017
2142,30,525,05/Sep/2017
2143,30,555,10/Jul/2017
2144,30,557,23/Aug/2017
2145,30,577,02/Apr/2017
2146,30,598,18/Jul/2017
2147,30,603,29/Apr/2017
2148,30,623,21/Jul/2017
2149,30,628,15/Apr/2017
2150,30,663,07/Jun/2017
2151,30,701,05/Jul/2017
2152,30,705,27/Sep/2017
2153,30,708,30/Mar/2017
2154,30,710,03/Apr/2017
2155,30,727,15/May/2017
2156,30,734,28/Aug/2017
2157,30,749,24/Oct/2017
2158,30,790,15/Aug/2017
2159,30,812,04/Aug/2017
2160,30,823,25/Jan/2017
2161,30,837,04/Jan/2017
2162,30,839,09/Jul/2017
2163,30,840,17/Feb/2017
2164,30,846,27/Apr/2017
2165,30,847,02/May/2017
2166,30,856,08/Apr/2017
2167,30,858,28/Aug/2017
2168,30,862,16/Oct/2017
2169,30,867,17/Jun/2017
2170,30,910,05/Aug/2017
2171,30,924,08/Oct/2016
2172,30,935,30/Aug/2017
2173,30,937,16/Sep/2017
2174,30,950,15/Jul/2017
2175,30,955,04/May/2017
2176,30,960,05/Nov/2017
2177,30,965,27/May/2017
2178,30,969,23/Nov/2017
2179,30,977,09/Oct/2017
2180,30,985,23/Jun/2017
2181,30,988,09/Sep/2017
2182,30,996,01/Feb/2017
2183,30,1021,06/May/2017
2184,30,1052,17/Feb/2017
2185,30,1054,16/Jul/2017
2186,30,1056,06/Jul/2017
2187,30,1067,15/Nov/2017
2188,30,1076,02/Oct/2017
2189,30,1082,22/Oct/2017
2190,30,1098,19/Jul/2017
2191,30,1118,21/Aug/2017
2192,30,1119,23/Apr/2017
2193,30,1132,10/Jun/2017
2194,30,1139,07/Mar/2017
2195,30,1144,14/Jul/2017
2196,30,1145,24/Jul/2017
2197,30,1148,13/Jun/2017
2198,30,1149,03/Jul/2017
2199,30,1153,13/Jul/2017
2200,30,1157,04/Aug/2017
2201,30,1159,05/Aug/2017
2202,30,1164,29/Aug/2017
2203,30,1165,13/Nov/2017
2204,30,1168,01/Jun/2017
2205,30,1173,14/Mar/2017
2206,30,1176,27/Apr/2017
2207,30,1194,11/Aug/2017
2208,30,1198,18/Jun/2017
2209,30,1207,16/Jun/2017
2210,30,1209,19/Apr/2017
2211,30,1211,21/Aug/2017
2212,30,1214,09/Nov/2017
2213,30,1218,09/Apr/2017
2214,30,1220,09/Jun/2017
2215,30,1235,14/Jul/2017
2216,30,1237,17/Jan/2017
2217,30,1242,29/Jul/2017
2218,30,1245,20/Jun/2017
2219,30,1248,09/May/2017
2220,30,1272,07/Aug/2017
2221,30,1279,03/Oct/2017
2222,30,1284,16/Sep/2017
2223,30,1290,15/Jul/2017
2224,30,1292,10/Feb/2017
2225,30,1294,20/Feb/2017
2226,30,1295,01/May/2017
2227,30,1299,10/Aug/2017
2228,30,1301,14/Jun/2017
2229,30,1303,31/Jul/2017
2230,30,1310,06/Oct/2017
2231,30,1329,07/Nov/2017
2232,30,1339,22/May/2017
2233,30,1357,25/Jun/2017
2234,30,1360,29/Jun/2017
2235,30,1369,07/May/2017
2236,30,1427,22/Sep/2017
2237,30,1438,10/Jul/2017
2238,30,1453,18/Dec/2017
2239,30,1503,28/Jul/2017
2240,30,3,20/Aug/2018
2241,30,11,28/Feb/2018
2242,30,22,28/Aug/2018
2243,30,41,12/Jun/2018
2244,30,43,06/Sep/2018
2245,30,51,29/Jul/2018
2246,30,106,27/Apr/2018
2247,30,124,04/Nov/2018
2248,30,151,17/Dec/2018
2249,30,177,13/Jan/2019
2250,30,195,14/Sep/2017
2251,30,199,09/Jan/2019
2252,30,203,12/Jun/2018
2253,30,232,26/Jan/2019
2254,30,234,05/Mar/2018
2255,30,236,11/Apr/2018
2256,30,243,28/Nov/2018
2257,30,247,07/Jul/2018
2258,30,257,03/Aug/2018
2259,30,264,24/Oct/2018
2260,30,266,03/Oct/2018
2261,30,276,25/Sep/2018
2262,30,285,26/Jul/2018
2263,30,292,29/Jan/2018
2264,30,314,04/Sep/2018
2265,30,317,06/Aug/2018
2266,30,331,09/Sep/2018
2267,30,338,27/Aug/2018
2268,30,348,29/Aug/2018
2269,30,356,25/Apr/2018
2270,30,361,05/Aug/2018
2271,30,394,18/May/2018
2272,30,425,11/Jun/2018
2273,30,436,03/Aug/2018
2274,30,464,18/Mar/2019
2275,30,474,17/Jan/2018
2276,30,481,12/Mar/2018
2277,30,511,25/Dec/2018
2278,30,525,10/May/2018
2279,30,548,27/Apr/2018
2280,30,563,06/Oct/2018
2281,30,567,20/Nov/2018
2282,30,577,20/May/2018
2283,30,588,06/Jun/2018
2284,30,609,04/May/2018
2285,30,623,14/Sep/2018
2286,30,643,12/Jun/2018
2287,30,672,17/Jun/2018
2288,30,687,26/Jun/2018
2289,30,707,26/May/2018
2290,30,710,17/Feb/2019
2291,30,721,25/Mar/2018
2292,30,734,18/Feb/2018
2293,30,749,04/Jun/2018
2294,30,753,10/Jun/2018
2295,30,758,12/Apr/2018
2296,30,782,10/Mar/2018
2297,30,812,14/Aug/2018
2298,30,823,25/Jul/2018
2299,30,840,30/Apr/2018
2300,30,854,06/Dec/2017
2301,30,855,20/Oct/2018
2302,30,869,11/Aug/2018
2303,30,910,19/Oct/2018
2304,30,933,01/Jul/2018
2305,30,937,25/Jun/2018
2306,30,945,13/May/2018
2307,30,960,26/Oct/2018
2308,30,962,28/May/2018
2309,30,969,02/Oct/2018
2310,30,981,02/Sep/2018
2311,30,988,23/Jul/2018
2312,30,1009,01/May/2018
2313,30,1010,13/Dec/2018
2314,30,1012,09/Jul/2018
2315,30,1014,09/Aug/2018
2316,30,1021,31/Jul/2018
2317,30,1070,26/Jun/2018
2318,30,1139,24/Sep/2018
2319,30,1144,15/Jul/2018
2320,30,1145,26/Apr/2018
2321,30,1153,18/Nov/2018
2322,30,1164,21/Jan/2018
2323,30,1165,31/Jul/2018
2324,30,1168,26/Jan/2018
2325,30,1173,10/Jun/2018
2326,30,1183,05/Apr/2018
2327,30,1218,07/May/2018
2328,30,1232,13/Jun/2018
2329,30,1233,13/Sep/2018
2330,30,1235,03/Jul/2018
2331,30,1237,22/Jul/2018
2332,30,1244,01/Sep/2018
2333,30,1245,05/Aug/2018
2334,30,1248,25/Jun/2018
2335,30,1272,20/Jun/2018
2336,30,1279,20/Jul/2018
2337,30,1284,30/Dec/2017
2338,30,1289,18/Sep/2018
2339,30,1290,07/May/2018
2340,30,1292,16/Jun/2018
2341,30,1294,15/Sep/2018
2342,30,1295,06/Jul/2018
2343,30,1298,30/May/2018
2344,30,1299,10/May/2018
2345,30,1303,14/Jun/2018
2346,30,1310,12/Jul/2018
2347,30,1319,04/Nov/2018
2348,30,1321,30/Jun/2018
2349,30,1339,04/Mar/2018
2350,30,1357,17/Sep/2018
2351,30,1360,10/Aug/2018
2352,30,1377,03/Jun/2018
2353,30,1404,11/Jun/2018
2354,30,1417,24/May/2018
2355,30,1427,12/Oct/2018
2356,30,1438,28/Apr/2018
2357,30,1453,12/May/2018
2358,30,6,23/May/2019
2359,30,71,20/Oct/2018
2360,30,106,20/Nov/2019
2361,30,124,05/Oct/2019
2362,30,140,04/Jan/2019
2363,30,141,16/Sep/2019
2364,30,151,15/Apr/2019
2365,30,175,21/Jul/2019
2366,30,177,24/Jun/2019
2367,30,180,04/Jun/2019
2368,30,203,20/Feb/2019
2369,30,205,27/Jun/2019
2370,30,232,31/Jan/2019
2371,30,236,24/May/2019
2372,30,243,13/Jul/2019
2373,30,247,15/Feb/2019
2374,30,266,06/May/2019
2375,30,276,18/Jul/2019
2376,30,285,10/Jun/2019
2377,30,292,25/Sep/2019
2378,30,305,20/Aug/2019
2379,30,311,28/May/2019
2380,30,317,06/May/2019
2381,30,356,14/Jun/2019
2382,30,364,24/Jun/2019
2383,30,368,17/Sep/2019
2384,30,425,13/Feb/2019
2385,30,463,19/Mar/2019
2386,30,509,08/Jul/2019
2387,30,548,15/Jul/2019
2388,30,563,22/Jul/2019
2389,30,585,09/Nov/2018
2390,30,655,20/Jul/2019
2391,30,666,02/Mar/2019
2392,30,686,08/Oct/2019
2393,30,692,23/Feb/2019
2394,30,707,06/May/2019
2395,30,717,19/May/2019
2396,30,721,22/Jul/2019
2397,30,722,24/Mar/2019
2398,30,753,03/Jul/2019
2399,30,758,01/Jul/2019
2400,30,762,10/Jul/2019
2401,30,771,21/Sep/2019
2402,30,783,22/Mar/2019
2403,30,823,12/Jan/2020
2404,30,847,13/Aug/2019
2405,30,850,01/Apr/2019
2406,30,852,26/Feb/2019
2407,30,856,07/Mar/2019
2408,30,867,15/Jul/2019
2409,30,888,12/May/2019
2410,30,901,05/Apr/2019
2411,30,920,04/Jun/2019
2412,30,921,24/Jun/2019
2413,30,930,16/Jul/2019
2414,30,954,10/Aug/2019
2415,30,981,28/Feb/2019
2416,30,1010,14/May/2019
2417,30,1064,24/Aug/2019
2418,30,1067,24/May/2019
2419,30,1120,13/Oct/2019
2420,30,1145,22/Dec/2019
2421,30,1153,13/Jul/2019
2422,30,1159,27/Aug/2019
2423,30,1164,30/Mar/2019
2424,30,1165,27/Jul/2019
2425,30,1173,31/Mar/2019
2426,30,1218,14/Jul/2019
2427,30,1220,06/May/2019
2428,30,1232,26/Aug/2019
2429,30,1235,25/Aug/2019
2430,30,1237,16/Jan/2019
2431,30,1242,05/Nov/2018
2432,30,1244,20/May/2019
2433,30,1245,17/Jul/2019
2434,30,1248,21/Sep/2019
2435,30,1272,08/May/2019
2436,30,1279,31/Dec/2019
2437,30,1284,16/Apr/2019
2438,30,1289,20/Aug/2019
2439,30,1290,04/Jan/2019
2440,30,1292,25/Nov/2019
2441,30,1294,01/Oct/2019
2442,30,1295,01/Apr/2019
2443,30,1298,05/Jul/2019
2444,30,1299,08/Oct/2019
2445,30,1301,27/Jun/2019
2446,30,1303,26/Apr/2019
2447,30,1310,08/Jan/2019
2448,30,1319,16/Aug/2019
2449,30,1321,26/Mar/2019
2450,30,1329,23/Mar/2019
2451,30,1357,30/May/2019
2452,30,1360,15/Sep/2019
2453,30,1369,19/Aug/2019
2454,30,1377,16/Apr/2019
2455,30,1417,26/Nov/2019
2456,30,1427,15/Jun/2019
2457,30,1453,09/Sep/2019
2458,30,1503,01/Oct/2019
2459,30,6,21/Nov/2020
2460,30,28,04/Jul/2020
2461,30,41,13/Apr/2020
2462,30,44,19/Aug/2020
2463,30,70,25/Aug/2020
2464,30,81,20/Jul/2020
2465,30,106,31/Mar/2020
2466,30,140,08/Jan/2020
2467,30,152,25/Jun/2020
2468,30,157,15/Aug/2020
2469,30,180,21/Jun/2020
2470,30,203,20/May/2020
2471,30,217,30/May/2020
2472,30,247,17/Nov/2019
2473,30,276,02/Sep/2020
2474,30,285,06/Apr/2020
2475,30,292,16/May/2020
2476,30,299,13/Jul/2020
2477,30,305,25/Aug/2020
2478,30,313,28/Sep/2020
2479,30,343,20/Apr/2020
2480,30,356,13/Jun/2020
2481,30,416,12/Dec/2020
2482,30,443,16/Sep/2020
2483,30,451,18/Apr/2020
2484,30,464,21/Jun/2020
2485,30,548,18/Feb/2020
2486,30,585,16/Aug/2020
2487,30,641,01/May/2020
2488,30,655,10/Feb/2020
2489,30,656,11/Aug/2020
2490,30,657,13/Jun/2020
2491,30,672,30/Jun/2020
2492,30,686,15/Jun/2020
2493,30,705,20/Dec/2019
2494,30,712,24/May/2020
2495,30,715,15/Jul/2020
2496,30,751,26/Oct/2020
2497,30,790,24/Sep/2020
2498,30,850,17/Apr/2020
2499,30,852,26/Jul/2020
2500,30,854,14/Jan/2020
2501,30,867,09/Sep/2020
2502,30,921,12/Sep/2020
2503,30,933,15/May/2020
2504,30,950,22/Jun/2020
2505,30,954,20/Aug/2020
2506,30,960,29/Apr/2020
2507,30,1010,13/Apr/2020
2508,30,1014,27/Apr/2020
2509,30,1022,12/Nov/2020
2510,30,1031,24/Jan/2020
2511,30,1054,03/Sep/2020
2512,30,1070,20/Aug/2020
2513,30,1218,04/May/2020
2514,30,1228,31/Jul/2020
2515,30,1235,25/Jun/2020
2516,30,1237,11/Sep/2020
2517,30,1242,24/Jun/2020
2518,30,1245,24/Apr/2020
2519,30,6,18/Apr/2021
2520,30,10,10/Oct/2021
2521,30,22,23/May/2021
2522,30,28,29/Mar/2021
2523,30,41,16/May/2021
2524,30,72,19/Apr/2021
2525,30,81,11/Jun/2021
2526,30,121,21/Jun/2021
2527,30,152,05/Mar/2021
2528,30,157,28/Sep/2021
2529,30,195,03/Jul/2021
2530,30,243,28/Apr/2021
2531,30,247,13/Oct/2021
2532,30,264,19/Jun/2021
2533,30,292,08/Aug/2021
2534,30,299,12/Aug/2021
2535,30,305,16/Sep/2021
2536,30,313,16/Jun/2021
2537,30,425,27/Feb/2021
2538,30,436,23/Feb/2021
2539,30,451,15/Mar/2021
2540,30,504,16/Feb/2021
2541,30,548,28/Jun/2021
2542,30,656,08/Jun/2021
2543,30,657,05/Dec/2020
2544,30,672,19/Jun/2021
2545,30,715,25/Nov/2021
2546,30,772,21/Apr/2021
2547,30,856,02/Jun/2021
2548,30,878,20/Apr/2021
2549,30,924,23/Oct/2021
2550,30,981,17/May/2021
2551,30,1007,07/Sep/2021
2552,30,1010,30/Mar/2021
2553,30,1067,17/Jun/2021
2554,30,1098,22/Nov/2020
2555,30,1145,08/Mar/2021
2556,30,1157,30/Jul/2021
2557,30,1233,22/Mar/2021
2558,30,1235,18/Jun/2021
2559,30,1237,04/Aug/2021
2560,30,1245,11/Oct/2021
2561,30,22,26/Jun/2022
2562,30,81,13/Jul/2022
2563,30,97,05/May/2022
2564,30,152,20/Oct/2022
2565,30,157,19/Sep/2022
2566,30,185,13/Apr/2022
2567,30,292,04/Apr/2022
2568,30,305,29/Jul/2022
2569,30,347,08/May/2022
2570,30,511,05/May/2022
2571,30,555,26/Jun/2022
2572,30,751,24/Feb/2022
2573,30,758,06/May/2022
2574,30,762,16/May/2022
2575,30,772,30/Apr/2022
2576,30,1054,27/Jan/2022
2577,30,1157,27/Mar/2022
2578,30,1295,06/Jun/2022
2579,30,1321,09/Apr/2022
2580,30,1329,05/Sep/2022
2581,30,1339,06/May/2022
2582,30,869,16/May/2023
2583,30,1024,17/Aug/2023
2584,30,1220,10/Aug/2023
2585,30,1279,24/Mar/2023
2586,30,1329,23/May/2023
